"Benchmark","Mode","Threads","Samples","Score","Score Error (99,9%)","Unit","Param: name"
"com.almondtools.regexbench.BricsBenchmark.benchmarkPrepare","avgt",1,10,"552,057303","174,161897","us/op",test1
"com.almondtools.regexbench.BricsBenchmark.benchmarkPrepare","avgt",1,10,"293,646512","6,138761","us/op",test2
"com.almondtools.regexbench.BricsBenchmark.benchmarkPrepare","avgt",1,10,"291,956404","4,341318","us/op",test3
"com.almondtools.regexbench.BricsBenchmark.benchmarkPrepare","avgt",1,10,"416,890785","78,219090","us/op",test4
"com.almondtools.regexbench.BricsBenchmark.benchmarkPrepare","avgt",1,10,"138,867488","3,968127","us/op",test5
"com.almondtools.regexbench.BricsBenchmark.benchmarkPrepare","avgt",1,10,"142,923463","8,844901","us/op",test6
"com.almondtools.regexbench.BricsBenchmark.benchmarkPrepare","avgt",1,10,"115,063619","2,575487","us/op",test7
"com.almondtools.regexbench.BricsBenchmark.benchmarkPrepare","avgt",1,10,"1356,876296","1240,959022","us/op",test8
"com.almondtools.regexbench.BricsBenchmark.benchmarkPrepare","avgt",1,10,"913,852978","93,350237","us/op",test9
"com.almondtools.regexbench.BricsBenchmark.benchmarkPrepare","avgt",1,10,"10830,064487","1207,839397","us/op",test10
"com.almondtools.regexbench.BricsBenchmark.benchmarkPrepare","avgt",1,10,"1853,108792","533,654591","us/op",test11
"com.almondtools.regexbench.BricsBenchmark.benchmarkPrepare","avgt",1,10,"1244,690219","573,255682","us/op",test12
"com.almondtools.regexbench.JRegexBenchmark.benchmarkPrepare","avgt",1,10,"0,545872","0,009172","us/op",test1
"com.almondtools.regexbench.JRegexBenchmark.benchmarkPrepare","avgt",1,10,"0,545091","0,005388","us/op",test2
"com.almondtools.regexbench.JRegexBenchmark.benchmarkPrepare","avgt",1,10,"0,546526","0,010232","us/op",test3
"com.almondtools.regexbench.JRegexBenchmark.benchmarkPrepare","avgt",1,10,"0,543787","0,005874","us/op",test4
"com.almondtools.regexbench.JRegexBenchmark.benchmarkPrepare","avgt",1,10,"0,254545","0,001749","us/op",test5
"com.almondtools.regexbench.JRegexBenchmark.benchmarkPrepare","avgt",1,10,"0,262746","0,004379","us/op",test6
"com.almondtools.regexbench.JRegexBenchmark.benchmarkPrepare","avgt",1,10,"0,533813","0,006371","us/op",test7
"com.almondtools.regexbench.JRegexBenchmark.benchmarkPrepare","avgt",1,10,"2,591989","0,165607","us/op",test8
"com.almondtools.regexbench.JRegexBenchmark.benchmarkPrepare","avgt",1,10,"1,306160","0,008834","us/op",test9
"com.almondtools.regexbench.JRegexBenchmark.benchmarkPrepare","avgt",1,10,"117,009645","1,191738","us/op",test10
"com.almondtools.regexbench.JRegexBenchmark.benchmarkPrepare","avgt",1,9,"1,111799","0,015225","us/op",test11
"com.almondtools.regexbench.JRegexBenchmark.benchmarkPrepare","avgt",1,10,"1,375055","0,035404","us/op",test12
"com.almondtools.regexbench.JdkBenchmark.benchmarkPrepare","avgt",1,10,"0,418435","0,008070","us/op",test1
"com.almondtools.regexbench.JdkBenchmark.benchmarkPrepare","avgt",1,10,"0,415930","0,003004","us/op",test2
"com.almondtools.regexbench.JdkBenchmark.benchmarkPrepare","avgt",1,10,"0,405470","0,004089","us/op",test3
"com.almondtools.regexbench.JdkBenchmark.benchmarkPrepare","avgt",1,10,"0,428518","0,002038","us/op",test4
"com.almondtools.regexbench.JdkBenchmark.benchmarkPrepare","avgt",1,10,"0,125516","0,000570","us/op",test5
"com.almondtools.regexbench.JdkBenchmark.benchmarkPrepare","avgt",1,10,"0,132971","0,003470","us/op",test6
"com.almondtools.regexbench.JdkBenchmark.benchmarkPrepare","avgt",1,10,"0,325843","0,001628","us/op",test7
"com.almondtools.regexbench.JdkBenchmark.benchmarkPrepare","avgt",1,10,"0,648325","0,031270","us/op",test8
"com.almondtools.regexbench.JdkBenchmark.benchmarkPrepare","avgt",1,10,"0,500388","0,004448","us/op",test9
"com.almondtools.regexbench.JdkBenchmark.benchmarkPrepare","avgt",1,10,"61,069580","0,492793","us/op",test10
"com.almondtools.regexbench.JdkBenchmark.benchmarkPrepare","avgt",1,9,"0,561207","0,005740","us/op",test11
"com.almondtools.regexbench.JdkBenchmark.benchmarkPrepare","avgt",1,10,"1,122206","0,091602","us/op",test12
"com.almondtools.regexbench.PSMatchBenchmark.benchmarkPrepare","avgt",1,10,"304,851492","1,673537","us/op",test1
"com.almondtools.regexbench.PSMatchBenchmark.benchmarkPrepare","avgt",1,10,"315,254996","3,455709","us/op",test2
"com.almondtools.regexbench.PSMatchBenchmark.benchmarkPrepare","avgt",1,10,"308,933657","1,770008","us/op",test3
"com.almondtools.regexbench.PSMatchBenchmark.benchmarkPrepare","avgt",1,10,"316,351356","1,964787","us/op",test4
"com.almondtools.regexbench.PSMatchBenchmark.benchmarkPrepare","avgt",1,10,"38,158773","0,200451","us/op",test5
"com.almondtools.regexbench.PSMatchBenchmark.benchmarkPrepare","avgt",1,10,"38,951055","1,195238","us/op",test6
"com.almondtools.regexbench.PSMatchBenchmark.benchmarkPrepare","avgt",1,10,"205,503884","5,954147","us/op",test7
"com.almondtools.regexbench.PSMatchBenchmark.benchmarkPrepare","avgt",1,10,"1390,420228","8,305270","us/op",test8
"com.almondtools.regexbench.PSMatchBenchmark.benchmarkPrepare","avgt",1,10,"1037,457741","16,276233","us/op",test9
"com.almondtools.regexbench.PSMatchBenchmark.benchmarkPrepare","avgt",1,10,"405552,340700","2202,462528","us/op",test10
"com.almondtools.regexbench.PSMatchBenchmark.benchmarkPrepare","avgt",1,10,"583,685996","2,587676","us/op",test11
"com.almondtools.regexbench.PSMatchBenchmark.benchmarkPrepare","avgt",1,10,"924,358971","7,499319","us/op",test12
"com.almondtools.regexbench.PSSearchBenchmark.benchmarkPrepare","avgt",1,10,"1650,532274","101,187926","us/op",test1
"com.almondtools.regexbench.PSSearchBenchmark.benchmarkPrepare","avgt",1,10,"1626,575539","34,704089","us/op",test2
"com.almondtools.regexbench.PSSearchBenchmark.benchmarkPrepare","avgt",1,10,"1651,147528","73,619326","us/op",test3
"com.almondtools.regexbench.PSSearchBenchmark.benchmarkPrepare","avgt",1,10,"1682,016793","133,019539","us/op",test4
"com.almondtools.regexbench.PSSearchBenchmark.benchmarkPrepare","avgt",1,10,"592,094343","3,983797","us/op",test5
"com.almondtools.regexbench.PSSearchBenchmark.benchmarkPrepare","avgt",1,10,"601,304130","7,520493","us/op",test6
"com.almondtools.regexbench.PSSearchBenchmark.benchmarkPrepare","avgt",1,10,"1798,053135","36,759626","us/op",test7
"com.almondtools.regexbench.PSSearchBenchmark.benchmarkPrepare","avgt",1,10,"8428,131963","109,528383","us/op",test8
"com.almondtools.regexbench.PSSearchBenchmark.benchmarkPrepare","avgt",1,10,"8306,721437","237,295056","us/op",test9
"com.almondtools.regexbench.PSSearchBenchmark.benchmarkPrepare","avgt",1,10,"1129417,207200","16076,589677","us/op",test10
"com.almondtools.regexbench.PSSearchBenchmark.benchmarkPrepare","avgt",1,10,"4335,772275","72,586218","us/op",test11
"com.almondtools.regexbench.PSSearchBenchmark.benchmarkPrepare","avgt",1,10,"6517,562803","54,506345","us/op",test12
"com.almondtools.regexbench.Re2JBenchmark.benchmarkPrepare","avgt",1,10,"2,350265","0,021224","us/op",test1
"com.almondtools.regexbench.Re2JBenchmark.benchmarkPrepare","avgt",1,10,"2,311515","0,016103","us/op",test2
"com.almondtools.regexbench.Re2JBenchmark.benchmarkPrepare","avgt",1,10,"2,155988","0,007128","us/op",test3
"com.almondtools.regexbench.Re2JBenchmark.benchmarkPrepare","avgt",1,10,"2,211018","0,015510","us/op",test4
"com.almondtools.regexbench.Re2JBenchmark.benchmarkPrepare","avgt",1,10,"0,453320","0,001620","us/op",test5
"com.almondtools.regexbench.Re2JBenchmark.benchmarkPrepare","avgt",1,10,"0,449413","0,001530","us/op",test6
"com.almondtools.regexbench.Re2JBenchmark.benchmarkPrepare","avgt",1,10,"1,694126","0,024786","us/op",test7
"com.almondtools.regexbench.Re2JBenchmark.benchmarkPrepare","avgt",1,10,"8,323539","0,405788","us/op",test8
"com.almondtools.regexbench.Re2JBenchmark.benchmarkPrepare","avgt",1,10,"4,478208","0,034687","us/op",test9
"com.almondtools.regexbench.Re2JBenchmark.benchmarkPrepare","avgt",1,10,"354,492582","2,701997","us/op",test10
"com.almondtools.regexbench.Re2JBenchmark.benchmarkPrepare","avgt",1,9,"3,301612","0,017694","us/op",test11
"com.almondtools.regexbench.Re2JBenchmark.benchmarkPrepare","avgt",1,10,"4,103379","0,044752","us/op",test12
"com.almondtools.regexbench.RexlexDefaultBenchmark.benchmarkPrepare","avgt",1,10,"560,998052","5,569039","us/op",test1
"com.almondtools.regexbench.RexlexDefaultBenchmark.benchmarkPrepare","avgt",1,10,"557,403826","3,006734","us/op",test2
"com.almondtools.regexbench.RexlexDefaultBenchmark.benchmarkPrepare","avgt",1,10,"565,913308","2,662635","us/op",test3
"com.almondtools.regexbench.RexlexDefaultBenchmark.benchmarkPrepare","avgt",1,10,"556,741055","7,904724","us/op",test4
"com.almondtools.regexbench.RexlexDefaultBenchmark.benchmarkPrepare","avgt",1,10,"62,311407","0,487025","us/op",test5
"com.almondtools.regexbench.RexlexDefaultBenchmark.benchmarkPrepare","avgt",1,10,"65,972360","0,288012","us/op",test6
"com.almondtools.regexbench.RexlexDefaultBenchmark.benchmarkPrepare","avgt",1,10,"641,281983","5,401011","us/op",test7
"com.almondtools.regexbench.RexlexDefaultBenchmark.benchmarkPrepare","avgt",1,10,"16142,572494","1248,388802","us/op",test8
"com.almondtools.regexbench.RexlexDefaultBenchmark.benchmarkPrepare","avgt",1,10,"9158,977391","146,525701","us/op",test9
"com.almondtools.regexbench.RexlexDefaultBenchmark.benchmarkPrepare","avgt",1,10,"184138,388317","3699,037585","us/op",test10
"com.almondtools.regexbench.RexlexDefaultBenchmark.benchmarkPrepare","avgt",1,10,"2847,667708","195,896371","us/op",test11
"com.almondtools.regexbench.RexlexDefaultBenchmark.benchmarkPrepare","avgt",1,10,"3085,095504","160,419010","us/op",test12
"com.almondtools.regexbench.RexlexOptimizedBenchmark.benchmarkPrepare","avgt",1,10,"1686,200261","54,382895","us/op",test1
"com.almondtools.regexbench.RexlexOptimizedBenchmark.benchmarkPrepare","avgt",1,10,"1656,121159","35,177048","us/op",test2
"com.almondtools.regexbench.RexlexOptimizedBenchmark.benchmarkPrepare","avgt",1,10,"1700,355739","184,457482","us/op",test3
"com.almondtools.regexbench.RexlexOptimizedBenchmark.benchmarkPrepare","avgt",1,10,"1676,547602","85,827112","us/op",test4
"com.almondtools.regexbench.RexlexOptimizedBenchmark.benchmarkPrepare","avgt",1,10,"206,435793","1,681585","us/op",test5
"com.almondtools.regexbench.RexlexOptimizedBenchmark.benchmarkPrepare","avgt",1,10,"210,561598","1,602842","us/op",test6
"com.almondtools.regexbench.RexlexOptimizedBenchmark.benchmarkPrepare","avgt",1,10,"697,749556","3,932308","us/op",test7
"com.almondtools.regexbench.RexlexOptimizedBenchmark.benchmarkPrepare","avgt",1,10,"16152,204974","311,136731","us/op",test8
"com.almondtools.regexbench.RexlexOptimizedBenchmark.benchmarkPrepare","avgt",1,10,"9567,256732","65,655872","us/op",test9
"com.almondtools.regexbench.RexlexOptimizedBenchmark.benchmarkPrepare","avgt",1,10,"209994,505400","1697,009105","us/op",test10
"com.almondtools.regexbench.RexlexOptimizedBenchmark.benchmarkPrepare","avgt",1,10,"9019,287149","72,558131","us/op",test11
"com.almondtools.regexbench.RexlexOptimizedBenchmark.benchmarkPrepare","avgt",1,10,"3281,371518","101,426211","us/op",test12
"com.almondtools.regexbench.RexlexSearchBenchmark.benchmarkPrepare","avgt",1,10,"1664,360642","28,396789","us/op",test1
"com.almondtools.regexbench.RexlexSearchBenchmark.benchmarkPrepare","avgt",1,10,"1688,634176","212,641689","us/op",test2
"com.almondtools.regexbench.RexlexSearchBenchmark.benchmarkPrepare","avgt",1,10,"1676,151449","70,451269","us/op",test3
"com.almondtools.regexbench.RexlexSearchBenchmark.benchmarkPrepare","avgt",1,10,"1687,246670","62,006976","us/op",test4
"com.almondtools.regexbench.RexlexSearchBenchmark.benchmarkPrepare","avgt",1,10,"194,827948","1,540510","us/op",test5
"com.almondtools.regexbench.RexlexSearchBenchmark.benchmarkPrepare","avgt",1,10,"211,210267","1,956380","us/op",test6
"com.almondtools.regexbench.RexlexSearchBenchmark.benchmarkPrepare","avgt",1,10,"2052,385978","42,930198","us/op",test7
"com.almondtools.regexbench.RexlexSearchBenchmark.benchmarkPrepare","avgt",1,10,"49943,406294","668,695646","us/op",test8
"com.almondtools.regexbench.RexlexSearchBenchmark.benchmarkPrepare","avgt",1,10,"28752,263020","309,268481","us/op",test9
"com.almondtools.regexbench.RexlexSearchBenchmark.benchmarkPrepare","avgt",1,10,"1426312,747800","247837,469327","us/op",test10
"com.almondtools.regexbench.RexlexSearchBenchmark.benchmarkPrepare","avgt",1,10,"9593,410541","155,847862","us/op",test11
"com.almondtools.regexbench.RexlexSearchBenchmark.benchmarkPrepare","avgt",1,10,"9856,781145","140,493146","us/op",test12
"com.almondtools.regexbench.SCBPGlushkovBenchmark.benchmarkPrepare","avgt",1,10,"183,236607","1,744311","us/op",test1
"com.almondtools.regexbench.SCBPGlushkovBenchmark.benchmarkPrepare","avgt",1,10,"181,465179","1,887993","us/op",test2
"com.almondtools.regexbench.SCBPGlushkovBenchmark.benchmarkPrepare","avgt",1,10,"178,996937","1,369755","us/op",test3
"com.almondtools.regexbench.SCBPGlushkovBenchmark.benchmarkPrepare","avgt",1,10,"181,087956","0,997685","us/op",test4
"com.almondtools.regexbench.SCBPGlushkovBenchmark.benchmarkPrepare","avgt",1,10,"11,601091","0,124043","us/op",test5
"com.almondtools.regexbench.SCBPGlushkovBenchmark.benchmarkPrepare","avgt",1,10,"11,349640","0,056523","us/op",test6
"com.almondtools.regexbench.SCBPGlushkovBenchmark.benchmarkPrepare","avgt",1,10,"76,342393","0,392182","us/op",test7
"com.almondtools.regexbench.SCBPGlushkovBenchmark.benchmarkPrepare","avgt",1,10,"2420,500809","76,124553","us/op",test8
"com.almondtools.regexbench.SCBPGlushkovBenchmark.benchmarkPrepare","avgt",1,10,"420,177226","17,779875","us/op",test9
"com.almondtools.regexbench.SCBPGlushkovBenchmark.benchmarkPrepare","avgt",1,10,"13480870,162800","1624999,608076","us/op",test10
"com.almondtools.regexbench.SCBPGlushkovBenchmark.benchmarkPrepare","avgt",1,10,"257,500935","8,805451","us/op",test11
"com.almondtools.regexbench.SCBPGlushkovBenchmark.benchmarkPrepare","avgt",1,10,"408,070878","4,976476","us/op",test12
"com.almondtools.regexbench.SCMultiFactorBenchmark.benchmarkPrepare","avgt",1,10,"47,742669","0,553095","us/op",test1
"com.almondtools.regexbench.SCMultiFactorBenchmark.benchmarkPrepare","avgt",1,10,"47,921841","0,328451","us/op",test2
"com.almondtools.regexbench.SCMultiFactorBenchmark.benchmarkPrepare","avgt",1,10,"46,735430","0,322377","us/op",test3
"com.almondtools.regexbench.SCMultiFactorBenchmark.benchmarkPrepare","avgt",1,10,"47,637091","0,916435","us/op",test4
"com.almondtools.regexbench.SCMultiFactorBenchmark.benchmarkPrepare","avgt",1,10,"14,460440","0,102656","us/op",test5
"com.almondtools.regexbench.SCMultiFactorBenchmark.benchmarkPrepare","avgt",1,10,"14,623032","0,116804","us/op",test6
"com.almondtools.regexbench.SCMultiFactorBenchmark.benchmarkPrepare","avgt",1,10,"26,912808","0,102065","us/op",test7
"com.almondtools.regexbench.SCMultiFactorBenchmark.benchmarkPrepare","avgt",1,10,"136,994349","1,376357","us/op",test8
"com.almondtools.regexbench.SCMultiFactorBenchmark.benchmarkPrepare","avgt",1,10,"96,330353","0,615696","us/op",test9
"com.almondtools.regexbench.SCMultiFactorBenchmark.benchmarkPrepare","avgt",1,10,"877373,027650","14028,791471","us/op",test10
"com.almondtools.regexbench.SCMultiFactorBenchmark.benchmarkPrepare","avgt",1,10,"78,398581","0,896016","us/op",test11
"com.almondtools.regexbench.SCMultiFactorBenchmark.benchmarkPrepare","avgt",1,10,"88,623867","1,094464","us/op",test12
